<?xml version="1.0"?>
<!DOCTYPE PyObject SYSTEM "PyObjects.dtd">
<PyObject  class="graph" id="44128816">
<attr name="vertices" type="list" id="44079144" >
  <item type="tuple" id="44000520" >
    <item type="tuple" id="44000600" >
      <item type="numeric" value="0" />
      <item type="numeric" value="100." />
    </item>
    <item type="tuple" id="44017104" >
      <item type="numeric" value="2." />
      <item type="numeric" value="100." />
    </item>
  </item>
  <item type="tuple" id="44000640" >
    <item type="tuple" id="44016984" >
      <item type="numeric" value="2." />
      <item type="numeric" value="100." />
    </item>
    <item type="tuple" id="44000720" >
      <item type="numeric" value="9." />
      <item type="numeric" value="800." />
    </item>
  </item>
  <item type="tuple" id="44000680" >
    <item type="tuple" id="44001200" >
      <item type="numeric" value="9." />
      <item type="numeric" value="800." />
    </item>
    <item type="tuple" id="44001280" >
      <item type="numeric" value="18." />
      <item type="numeric" value="-100." />
    </item>
  </item>
  <item type="tuple" id="44001360" >
    <item type="tuple" id="44001320" >
      <item type="numeric" value="18." />
      <item type="numeric" value="-100." />
    </item>
    <item type="tuple" id="44001440" >
      <item type="numeric" value="20." />
      <item type="numeric" value="100." />
    </item>
  </item>
</attr>
<attr name="contents" type="list" id="44286200" >
  <item type="PyObject" id="44166680" class="segment">
    <attr name="duration" type="numeric" value="2." />
    <attr name="start_value" type="numeric" value="100." />
    <attr name="rate" type="numeric" value="0." />
    <attr name="end_value" type="numeric" value="100." />
    <attr name="graph" type="PyObject" refid="44128816" />
  </item>
  <item type="PyObject" id="44163120" class="segment">
    <attr name="duration" type="numeric" value="7." />
    <attr name="start_value" type="numeric" value="100." />
    <attr name="rate" type="numeric" value="100." />
    <attr name="end_value" type="numeric" value="800." />
    <attr name="graph" type="PyObject" refid="44128816" />
  </item>
  <item type="PyObject" id="44166720" class="segment">
    <attr name="duration" type="numeric" value="9." />
    <attr name="start_value" type="numeric" value="800." />
    <attr name="rate" type="numeric" value="-100." />
    <attr name="end_value" type="numeric" value="-100." />
    <attr name="graph" type="PyObject" refid="44128816" />
  </item>
  <item type="PyObject" id="44163160" class="segment">
    <attr name="duration" type="numeric" value="2." />
    <attr name="start_value" type="numeric" value="-100." />
    <attr name="rate" type="numeric" value="100." />
    <attr name="end_value" type="numeric" value="100." />
    <attr name="graph" type="PyObject" refid="44128816" />
  </item>
</attr>
</PyObject>
